identifier 1,date_text,date_single,date_qualifier,object_in_context,subject_topical 1,subject_topical_authority 1,subject_topical_URI 1,subject_topical 2,subject_topical_authority 2,subject_topical_URI 2,subject_topical 3,subject_topical_authority 3,subject_topical_URI 3,subject_topical 4,subject_topical_authority 4,subject_topical_URI 4,subject_topical 5,subject_topical_authority 5,subject_topical_URI 5,subject_topical 6,subject_topical_authority 6,subject_topical_URI 6,subject_topical 7,subject_topical 8,internet_media_type,digital origin,extent,subject_geographic 1,subject_geographic 2,subject_geographic 3,subject_geographic 4,subject_geographic 5,type,form,form_authority,abstract,abstract 2,title,rights,language,project,project_url,name_1,name_authority 1,name_uri 1,name_type 1,name_role 1,name 2,publisher
0015_000060_000203_0000,1934,1934,,http://idserver.utk.edu/?id=200700000001355,Civilian Conservation Corps (U.S.),,,"Tennessee Valley Authority and ""grass roots democracy"" ",,,Transportation and Internal Improvements,,,Nature and Environment,,,Government and Politics,,,,,,,,image/jpeg,reformatted digital,1 digital image; 1 photograph,UNION COUNTY (TENN.),The Great Depression and World War II (1929-1945).,Tennessee -- Union County.,,,stillImage,black-and-white photographs ,,"Wooden C.C.C. Camp entrance sign of Company 297, in Loyston, Tennessee.","The University of Tennessee Libraries (Knoxville, Tennessee) is the digital publisher.","Sign at Entrance of Civilian Conservation Corps Camp, Co. 297, Loyston, Tennessee","For current rights information, please visit: http://idserver.utk.edu/?id=200600000001200",eng,Digital Collection:  The Growth of Democracy in Tennessee: A Grassroots Approach to Volunteer Voices, http://idserver.utk.edu/?id=200600000001199,"Frykholm, C.","Frykholm, C.",,,,,
0015_000060_000204_0000,1934,1934,,http://idserver.utk.edu/?id=200700000001356,Civilian Conservation Corps .S.) -- FACILITIES -- 1930-1950,,,"Tennessee Valley Authority and ""grass roots democracy"" ",,,Nature and Environment,,,Transportation and Internal Improvements,,,Government and Politics,,,,,,,,image/jpeg,reformatted digital,1 digital image; 1 photograph; 4 x 4.75 in.,UNION COUNTY (TENN.),The Great Depression and World War II (1929-1945).,Tennessee -- Union County.,,,stillImage,black-and-white photographs ,,"View looking down at the C.C.C. camp, Company 297, in Loyston, Tennessee in 1934","The University of Tennessee Libraries (Knoxville, Tennessee) is the digital publisher.",C.C.C. Camp from Ridge in back of Co. 297,"For current rights information, please visit: http://idserver.utk.edu/?id=200600000001200",eng,Digital Collection:  The Growth of Democracy in Tennessee: A Grassroots Approach to Volunteer Voices, http://idserver.utk.edu/?id=200600000001199,"Frykholm, C.","Frykholm, C.",,,,,
0015_000060_000205_0000,1934,1934,,http://idserver.utk.edu/?id=200700000001357,Civilian Conservation Corps .S.) -- FACILITIES -- 1930-1950,,,"Tennessee Valley Authority and ""grass roots democracy"" ",,,Transportation and Internal Improvements,,,Government and Politics,,,Nature and Environment,,,,,,,,image/jpeg,reformatted digital,1 digital image; 1 photograph; 4 x 4.75 in.,UNION COUNTY (TENN.) ,The Great Depression and World War II (1929-1945).,Tennessee -- Union County.,,,stillImage,black-and-white photographs ,,"Photograph of the Barracks ""C"" at the Civilian Conservation Corps Camp, Co. 297, Loyston, Tennessee","The University of Tennessee Libraries (Knoxville, Tennessee) is the digital publisher.","Barracks C, Co. 297, Loyston, Tennessee","For current rights information, please visit: http://idserver.utk.edu/?id=200600000001200",eng,Digital Collection:  The Growth of Democracy in Tennessee: A Grassroots Approach to Volunteer Voices, http://idserver.utk.edu/?id=200600000001199,"Frykholm, C.","Frykholm, C.",,,,,
0015_000060_000206_0000,1934,1934,,http://idserver.utk.edu/?id=200700000001358,Civilian Conservation Corps .S.) -- FACILITIES -- 1930-1950,,,"Tennessee Valley Authority and ""grass roots democracy"" ",,,Nature and Environment,,,Transportation and Internal Improvements,,,Government and Politics,,,,,,,,image/jpeg,reformatted digital,1 digital image; 1 photograph; 4.8 x 3.36 in.,COAL CREEK VALLEY (TENN.) -- HISTORY,The Great Depression and World War II (1929-1945).,Tennessee -- Anderson County.,,,stillImage,black-and-white photographs,,"This photograph shows the ruins of some of the C.C.C. Company 284 camp buildings at Coal Creek, Tennessee. There are rows of charred metal bed frames in the foreground.","The University of Tennessee Libraries (Knoxville, Tennessee) is the digital publisher.","Co. 284, Coal Creek, Tenn. the day after fire destroyed the camp","For current rights information, please visit: http://idserver.utk.edu/?id=200600000001200",eng,Digital Collection:  The Growth of Democracy in Tennessee: A Grassroots Approach to Volunteer Voices, http://idserver.utk.edu/?id=200600000001199,"Frykholm, C.","Frykholm, C.",,,,,
0015_000060_000207_0000,1934,1934,,http://idserver.utk.edu/?id=200700000001359,Civilian Conservation Corps (U.S.),,,Reservoirs -- Tennessee,,,"Tennessee Valley Authority and ""grass roots democracy"" ",,,Transportation and Internal Improvements,,,Nature and Environment,,,Government and Politics,,,,,image/jpeg,reformatted digital,1 digital image; 1 photograph; 4.8 x 3.33 in.,NORRIS (TENN.),The Great Depression and World War II (1929-1945).,Tennessee -- Anderson County.,,,stillImage,black-and-white photographs ,,"This photograph shows the reservoir for town of Norris, Tennessee, for which the stonework done by Co. 297 of the Civilian Conservation Corps.","The University of Tennessee Libraries (Knoxville, Tennessee) is the digital publisher.","Reservoir for town of Norris, Tennessee. Stonework done by Co. 297","For current rights information, please visit: http://idserver.utk.edu/?id=200600000001200",eng,Digital Collection:  The Growth of Democracy in Tennessee: A Grassroots Approach to Volunteer Voices, http://idserver.utk.edu/?id=200600000001199,"Frykholm, C.","Frykholm, C.",,,,,
0015_000060_000208_0000,1934,1934,,http://idserver.utk.edu/?id=200700000001360,Civilian Conservation Corps (U.S.),,,Water mills,,,"Tennessee Valley Authority and ""grass roots democracy"" ",,,Nature and Environment,,,Popular Culture and Folklife,,,Farming and Agriculture,,,,,image/jpeg,reformatted digital,1 digital image; 1 photograph; 3.3 x 4.8 in.,UNION COUNTY (TENN.) ,The Great Depression and World War II (1929-1945).,Tennessee -- Union County.,,,stillImage,black-and-white photographs ,,"This is a photograph of the mill in Loyston, Tenn. before being moved to site below Norris Dam. Loyston was flooded by the T.V.A. dam.","The University of Tennessee Libraries (Knoxville, Tennessee) is the digital publisher.","Mill at Loyston, Tenn. before being moved to site below Norris Dam","For current rights information, please visit: http://idserver.utk.edu/?id=200600000001200",eng,Digital Collection:  The Growth of Democracy in Tennessee: A Grassroots Approach to Volunteer Voices, http://idserver.utk.edu/?id=200600000001199,"Frykholm, C.","Frykholm, C.",,,,,
0015_000060_000209_0000,1934,1934,,http://idserver.utk.edu/?id=200700000001361,Civilian Conservation Corps (U.S.),,,Tennessee Valley Authority,,,"Tennessee Valley Authority and ""grass roots democracy"" ",,,Transportation and Internal Improvements,,,Nature and Environment,,,Farming and Agriculture,,,,,image/jpeg,reformatted digital,1 digital image; 1 photograph; 4.75 x 3.25 in.,CLINCH RIVER (VA. AND TENN.),The Great Depression and World War II (1929-1945).,Tennessee -- Anderson County.,Tennessee -- Union County.,,stillImage,black-and-white photographs ,,"This photograph shows the landscape along the Clinch River near Norris and Loyston, Tennessee before the land was cleared and flooded by Norris Dam. Civilian Conservation Corps Co. 297 in Loyston, Tennessee worked on this project.","The University of Tennessee Libraries (Knoxville, Tennessee) is the digital publisher.",Clinch River before land was cleared for Norris Dam,"For current rights information, please visit: http://idserver.utk.edu/?id=200600000001200",eng,Digital Collection:  The Growth of Democracy in Tennessee: A Grassroots Approach to Volunteer Voices, http://idserver.utk.edu/?id=200600000001199,"Frykholm, C.","Frykholm, C.",,,,,
0015_000060_000210_0000,1934,1934,,http://idserver.utk.edu/?id=200700000001362,Civilian Conservation Corps (U.S.),,,Tennessee Valley Authority,,,Water resources development -- Social aspects -- Tennessee -- Norris Lake region,,,"Tennessee Valley Authority and ""grass roots democracy"" ",,,Transportation and Internal Improvements,,,Farming and Agriculture,,,Nature and Environment.,,image/jpeg,reformatted digital,1 digital image; 1 photograph; 4.75 x 3.36 in.,CLINCH RIVER (VA. AND TENN.),NORRIS LAKE (TENN.),The Great Depression and World War II (1929-1945).,Tennessee -- Anderson County.,Tennessee -- Union County.,stillImage,black-and-white photographs ,,"This photograph shows the Clinch River above Loyston, Tennessee before TVA cleared the land for Norris Dam.","The University of Tennessee Libraries (Knoxville, Tennessee) is the digital publisher.","Clinch River above Loyston, Tennessee before TVA cleared the land","For current rights information, please visit: http://idserver.utk.edu/?id=200600000001200",eng,Digital Collection:  The Growth of Democracy in Tennessee: A Grassroots Approach to Volunteer Voices, http://idserver.utk.edu/?id=200600000001199,"Frykholm, C.","Frykholm, C.",,,,,
0015_000060_000211_0000,1934,1934,,http://idserver.utk.edu/?id=200700000001363,Civilian Conservation Corps (U.S.),,,Water resources development -- Tennessee -- Norris Lake region,,,Tennessee Valley Authority,,,"Tennessee Valley Authority and ""grass roots democracy"" ",,,Transportation and Internal Improvements,,,Nature and Environment,,,Farming and Agriculture.,,image/jpeg,reformatted digital,1 digital image; 1 photograph; 4.9 x 3.5 in.,NORRIS LAKE (TENN.),The Great Depression and World War II (1929-1945).,Tennessee -- Anderson County.,Tennessee -- Union County.,,stillImage,black-and-white photographs ,,"This photograph shows the Big Ridge Dam, near completion, in Loyston, Tennessee. According to the writing on the back of the photo, it was built by Co. 297 in late 1934 and early 1935.","The University of Tennessee Libraries (Knoxville, Tennessee) is the digital publisher.","Big Ridge Dam, Loyston, Tennessee almost completed","For current rights information, please visit: http://idserver.utk.edu/?id=200600000001200",eng,Digital Collection:  The Growth of Democracy in Tennessee: A Grassroots Approach to Volunteer Voices, http://idserver.utk.edu/?id=200600000001199,"Frykholm, C.","Frykholm, C.",,,,,
0015_000060_000212_0000,1934,1934,,http://idserver.utk.edu/?id=200700000001364,Civilian Conservation Corps .S.) -- FACILITIES -- 1930-1950,,,"Tennessee Valley Authority and ""grass roots democracy"" ",,,Transportation and Internal Improvements,,,Nature and Environment,,,Government and Politics,,,,,,,,image/jpeg,reformatted digital,1 digital image; 1 photograph; 4.5 x 2.8 in.,REELFOOT LAKE (TENN.),The Great Depression and World War II (1929-1945).,Tennessee -- Gibson County.,Tennessee -- Lake County.,,stillImage,black-and-white photographs,,"This sepia-toned photograph shows tent-like dwellings on stilts of the side camp of C.C.C. Co. 490, in a rural area near Reelfoot Lake in northwestern Tennessee.","The University of Tennessee Libraries (Knoxville, Tennessee) is the digital publisher.","Side camp at Reelfoot Lake, C.C.C. Co. 490","For current rights information, please visit: http://idserver.utk.edu/?id=200600000001200",eng,Digital Collection:  The Growth of Democracy in Tennessee: A Grassroots Approach to Volunteer Voices, http://idserver.utk.edu/?id=200600000001199,"Medley, Warren","Medley, Warren",,,,,
0015_000060_000213_0000,1934,1934,,http://idserver.utk.edu/?id=200700000001365,Civilian Conservation Corps (U.S.) -- Officials and employees -- History -- 20th century,,,Civilian Conservation Corps (U.S.) -- People -- 1930-1940,,,"Tennessee Valley Authority and ""grass roots democracy"" ",,,Nature and Environment,,,Transportation and Internal Improvements,,,Government and Politics,,,,,image/jpeg,reformatted digital,1 digital image; 1 photograph; 4.56 x 2.8 in.,DYER COUNTY (TENN.),The Great Depression and World War II (1929-1945).,Tennessee -- Gibson County.,,,stillImage,black-and-white photographs,,"Civilian Conservation Corps workers at Camp Cole Foster, Dyer, Tennessee","The University of Tennessee Libraries (Knoxville, Tennessee) is the digital publisher.","C.C.C. workers at Camp Cole Foster, Dyer, Tennessee","For current rights information, please visit: http://idserver.utk.edu/?id=200600000001200",eng,Digital Collection:  The Growth of Democracy in Tennessee: A Grassroots Approach to Volunteer Voices, http://idserver.utk.edu/?id=200600000001199,"Medley, Warren","Medley, Warren",,,,,
0015_000060_000214_0000,1937-03,1937-03,,http://idserver.utk.edu/?id=200700000001366,Civilian Conservation Corps .S.) -- FACILITIES -- 1930-1950,,,"Tennessee Valley Authority and ""grass roots democracy"" ",,,Transportation and Internal Improvements,,,Nature and Environment,,,Government and Politics,,,,,,,,image/jpeg,reformatted digital,1 digital image; 1 photograph; 4.85 x 3 in.,The Great Depression and World War II (1929-1945).,Tennessee -- Gibson County.,Tennessee -- Lake County.,,,stillImage,black-and-white photographs ,,"This small photograph shows a steamboat and dormitory barge of Camp Cole Foster, Dyer, Tennessee. The steamboat has U.S.E.D on the side. The barge has the corps of engineers insignia on the side.","The University of Tennessee Libraries (Knoxville, Tennessee) is the digital publisher.","Steamboat and Dormitory Barge, Camp Cole Foster, Dyer, Tennessee","For current rights information, please visit: http://idserver.utk.edu/?id=200600000001200",eng,Digital Collection:  The Growth of Democracy in Tennessee: A Grassroots Approach to Volunteer Voices, http://idserver.utk.edu/?id=200600000001199,"Medley, Warren","Medley, Warren",,,,,
0015_000060_000215_0000,1937-03,1937-03,,http://idserver.utk.edu/?id=200700000001367,Civilian Conservation Corps (U.S.) -- Officials and employees -- History -- 20th century,,,Civilian Conservation Corps (U.S.) -- People -- 1930-1940,,,"Tennessee Valley Authority and ""grass roots democracy"" ",,,Transportation and Internal Improvements,,,Nature and Environment,,,Government and Politics,,,,,image/jpeg,reformatted digital,1 digital image; 1 photograph; 4.87 x 3 in.,The Great Depression and World War II (1929-1945).,Tennessee -- Gibson County.,,,,stillImage,black-and-white photographs,,"A large group of Civilian Conservation Corps workers at Camp Cole Foster, Dyer, Tennessee, stand on a dock in the midst of a lake or river.","The University of Tennessee Libraries (Knoxville, Tennessee) is the digital publisher.","C.C.C. Workers at Camp Cole Foster, Dyer, Tennessee","For current rights information, please visit: http://idserver.utk.edu/?id=200600000001200",eng,Digital Collection:  The Growth of Democracy in Tennessee: A Grassroots Approach to Volunteer Voices, http://idserver.utk.edu/?id=200600000001199,"Medley, Warren","Medley, Warren",,,,,
0015_000060_000216_0000,1935,1935,,http://idserver.utk.edu/?id=200700000001368,Civilian Conservation Corps .S.) -- FACILITIES -- 1930-1950,,,"Tennessee Valley Authority and ""grass roots democracy"" ",,,Nature and Environment,,,Government and Politics,,,,,,,,,,,image/jpeg,reformatted digital,1 digital image; 1 photograph; 7 x 5 in.,LEXINGTON (TENN.),The Great Depression and World War II (1929-1945).,Tennessee -- Henderson County.,,,stillImage,black-and-white photographs,,"This photograph shows the house and grounds of Civilian Conservation Corps, Company 496 in Lexington, Tennessee. The house is in a rural location, with a telephone pole and company name in outlined in rocks in front of the house.","The University of Tennessee Libraries (Knoxville, Tennessee) is the digital publisher.","House and grounds, C.C.C. Co. 496 in Lexington, Tennessee","For current rights information, please visit: http://idserver.utk.edu/?id=200600000001200",eng,Digital Collection:  The Growth of Democracy in Tennessee: A Grassroots Approach to Volunteer Voices, http://idserver.utk.edu/?id=200600000001199,"Hart, Walter R.","Hart, Walter R.",,,,,
0015_000060_000217_0000,1935,1935,,http://idserver.utk.edu/?id=200700000001369,Civilian Conservation Corps .S.) -- FACILITIES -- 1930-1950,,,Barracks,,,"Tennessee Valley Authority and ""grass roots democracy"" ",,,Government and Politics,,,Wars and Military,,,,,,,,image/jpeg,reformatted digital,1 digital image; 1 photograph; 7 x 5 in.,LEXINGTON (TENN.),The Great Depression and World War II (1929-1945).,Tennessee -- Henderson County.,,,stillImage,black-and-white photographs ,,"This is a professionally produced photograph of the barracks at 496th Co. TVA-29 of the Civilian Conservation Corps in Lexington, Tennessee. Neatly arranged bunks, trunks, laundry bags, blanket rolls and boots line the interior of the wooden barracks. The photo was printed by Spencer and Wyckoff, Detroit, Michigan. It was donated by Walter R. Hart.","The University of Tennessee Libraries (Knoxville, Tennessee) is the digital publisher.","Inside the barracks at C.C.C. 496th Co. TVA-29 in Lexington, Tennessee","For current rights information, please visit: http://idserver.utk.edu/?id=200600000001200",eng,Digital Collection:  The Growth of Democracy in Tennessee: A Grassroots Approach to Volunteer Voices, http://idserver.utk.edu/?id=200600000001199,"Hart, Walter R.","Hart, Walter R.",,,,,"Spencer and Wyckoff , Detroit, MI, 1935"
0015_000060_000218_0000,1936,1936,,http://idserver.utk.edu/?id=200700000001370,Civilian Conservation Corps (U.S.) -- People -- 1930-1940,,,Baseball players -- 1920-1930,,,"Tennessee Valley Authority and ""grass roots democracy"" ",,,Sports and Recreation,,,Government and Politics,,,,,,,,image/jpeg,reformatted digital,1 digital image; 1 photograph; 7 x 5 in.,LEWISBURG (TENN.),The Great Depression and World War II (1929-1945).,Tennessee -- Henderson County.,,,stillImage,black-and-white photographs,,"This photograph shows nine members of the baseball team and a small black boy of Civilian Conservation Corps, Co. 496 TVA-29 at Lexington, Tennessee. The back of the photo lists the following players: Front row, left to right - Roy Goodwin, Slover Thorton, Roy Marshall, James Bomar, James D. Stanfill ; Standing, left to right - Eugenn Montalbano, Alfred Brandon, Max Wilson, Earl Phillips.","The University of Tennessee Libraries (Knoxville, Tennessee) is the digital publisher.","Baseball team, C.C.C. Co. 496 TVA-29 at Lexington, Tennessee","For current rights information, please visit: http://idserver.utk.edu/?id=200600000001200",eng,Digital Collection:  The Growth of Democracy in Tennessee: A Grassroots Approach to Volunteer Voices, http://idserver.utk.edu/?id=200600000001199,"Hart, Walter R.","Hart, Walter R.",,,,,
0015_000060_000219_0000,1935,1935,,http://idserver.utk.edu/?id=200700000001371,Civilian Conservation Corps (U.S.) -- People -- 1930-1940,,,Basketball players,,,"Tennessee Valley Authority and ""grass roots democracy"" ",,,Sports and Recreation,,,Government and Politics,,,,,,,,image/jpeg,reformatted digital,1 digital image; 1 photograph; 7 x 5 in.,LEXINGTON (TENN.),The Great Depression and World War II (1929-1945).,Tennessee -- Henderson County.,,,stillImage,black-and-white photographs ,,"This photograph shows the basketball team of Civilian Conservation Corps, Company 496 TVA-29 at Lexington, Tennessee. The back of the photo lists the people as: Front row, left to right - James W. Tonn, Earl Noogen, Bogg A. Robinson, L.W. Kinkead, Roy Goodwin, Charles Carson ; and standing Earl Phillips, James Runnels, Slover Thorton, Randall Sims, Mack Wilson, Roy Marshall and Hillard Armstrong. The photography was produced by Spencer and Wyckoff of Detroit, Michigan and donated by Walter R. Hart.","The University of Tennessee Libraries (Knoxville, Tennessee) is the digital publisher.","Basketball team at C.C.C. Co. 496 TVA-29 at Lexington, Tennessee","For current rights information, please visit: http://idserver.utk.edu/?id=200600000001200",eng,Digital Collection:  The Growth of Democracy in Tennessee: A Grassroots Approach to Volunteer Voices, http://idserver.utk.edu/?id=200600000001199,"Hart, Walter R.","Hart, Walter R.",,,,,"Spencer and Wyckoff, Detroit, MI, 1935"
0015_000060_000220_0000,1933,1933,,http://idserver.utk.edu/?id=200700000001372,Civilian Conservation Corps (U.S.) -- Officials and employees -- History -- 20th century,,,Civilian Conservation Corps (U.S.) -- People -- 1930-1940,,,"Tennessee Valley Authority and ""grass roots democracy"" ",,,Government and Politics,,,Nature and Environment,,,,,,,,image/jpeg,reformatted digital,1 digital image; 1 photograph; 7 x 5 in.,UNICOI COUNTY (TENN.),The Great Depression and World War II (1929-1945).,Tennessee -- Unicoi County.,,,stillImage,black-and-white photographs ,,The typed description on the back of the photograph reads: This group occupied the first Barracks built for Co. 1455 - Barracks #1. All were a part of the Camp Overhead section = Leaders; Cooks; Camp Maintenance men; Truck Drivers etc. Although there are many camps that had their #1 Barracks this is significant to Co. 1455 Camp Cordell Hull as the occupants of the first barracks and did a lot of camp site work during the 1st year.,"The University of Tennessee Libraries (Knoxville, Tennessee) is the digital publisher.","First occupants of Barracks #1, Camp Cordell Hull, Company 1455 in Unicoi, Tennessee","For current rights information, please visit: http://idserver.utk.edu/?id=200600000001200",eng,Digital Collection:  The Growth of Democracy in Tennessee: A Grassroots Approach to Volunteer Voices, http://idserver.utk.edu/?id=200600000001199,"Rickman, James O.","Rickman, James O.",,,,,
0015_000060_000221_0000,1934-03,1934-03,,http://idserver.utk.edu/?id=200700000001373,Civilian Conservation Corps (U.S.) -- Officials and employees -- History -- 20th century,,,Civilian Conservation Corps .S.) -- FACILITIES -- 1930-1950,,,Mess halls,,,"Tennessee Valley Authority and ""grass roots democracy"" ",,,Government and Politics,,,Wars and Military,,,,,image/jpeg,reformatted digital,1 digital image; 1 photograph; 7 x 5 in.,BRISTOL (TENN.),The Great Depression and World War II (1929-1945).,Tennessee -- Sullivan County.,,,stillImage,black-and-white photographs ,,"This is the Camp Evan Shelby company photograph, C.C.C. Co. 1473, Tenn. F.-11 in Bristol, Tennessee. The group posed in front of the mess hall, and is one of a series of ten posed photos of C.C.C. personnel. The caption on the photograph identifies Carl H. Breitwieser as the ""Capt. Eng. Res. C.O."" The photo was printed at Ft. DesMoines, Iowa at the Post Exchange Studio. It was donated by James H. Pickens.","The University of Tennessee Libraries (Knoxville, Tennessee) is the digital publisher.","Camp Evan Shelby company photograph, C.C.C. Co. 1473, Tenn. F.-11 in Bristol, Tennessee","For current rights information, please visit: http://idserver.utk.edu/?id=200600000001200",eng,Digital Collection:  The Growth of Democracy in Tennessee: A Grassroots Approach to Volunteer Voices, http://idserver.utk.edu/?id=200600000001199,,,,,,,"Post Exchange Studio, Ft. DesMoines, IA, 1934"
0015_000060_000222_0000,1934,1934,,http://idserver.utk.edu/?id=200700000001374,Civilian Conservation Corps (U.S.) -- Officials and employees -- History -- 20th century,,,Civilian Conservation Corps (U.S.) -- People -- 1930-1940,,,"Tennessee Valley Authority and ""grass roots democracy"" ",,,Nature and Environment,,,Government and Politics,,,Wars and Military,,,,,image/jpeg,reformatted digital,1 digital image; 1 photograph; 7 x 5 in.,BRISTOL (TENN.),The Great Depression and World War II (1929-1945).,Tennessee -- Sullivan County.,,,stillImage,black-and-white photographs ,,"This group photo from C.C.C Co. 1473, Camp Evan Shelby, in Bristol, Tennesseeone is of a series of ten posed photographs of company personnel. It shows 3 rows of young men in uniform, along with a dog named Skipper appears in most of the photographs. This photograph was donated by James O. Rickman.","The University of Tennessee Libraries (Knoxville, Tennessee) is the digital publisher.","Group photo from C.C.C Co. 1473, Camp Evan Shelby, in Bristol, Tennessee","For current rights information, please visit: http://idserver.utk.edu/?id=200600000001200",eng,Digital Collection:  The Growth of Democracy in Tennessee: A Grassroots Approach to Volunteer Voices, http://idserver.utk.edu/?id=200600000001199,"Rickman, James O.","Rickman, James O.",,,,,
0015_000060_000223_0000,1934,1934,,http://idserver.utk.edu/?id=200700000001375,Civilian Conservation Corps (U.S.) -- Officials and employees -- History -- 20th century,,,Civilian Conservation Corps .S.) -- FACILITIES -- 1930-1950,,,"Tennessee Valley Authority and ""grass roots democracy"" ",,,Nature and Environment,,,Government and Politics,,,,,,,,image/jpeg,reformatted digital,1 digital image; 1 photograph; 7 x 5 in.,United States -- Forest Service.,BRISTOL (TENN.),The Great Depression and World War II (1929-1945).,Tennessee -- Sullivan County.,,stillImage,black-and-white photographs ,,"This photograph of U.S. Forest Service personnel at Camp Evan Shelby, Camp F-10, in Bristol, Tennessee, shows a group of men in front of a U.S. Forest Service building, with the dog Skipper. According to a sign behind the men, the project superintendent was Capt. Gayle H. Somers. The sign also lists the cultural, truck/trail, bridge and compressor foremen as wel las the fire guard and supervising mechanic. It was donated by James H. Pickens.","The University of Tennessee Libraries (Knoxville, Tennessee) is the digital publisher.","U.S. Forest Service personnel at Camp Evan Shelby, Camp F-10, in Bristol, Tennessee","For current rights information, please visit: http://idserver.utk.edu/?id=200600000001200",eng,Digital Collection:  The Growth of Democracy in Tennessee: A Grassroots Approach to Volunteer Voices, http://idserver.utk.edu/?id=200600000001199,,,,,,,
0015_000060_000224_0000,1934-12,1934-12,,http://idserver.utk.edu/?id=200700000001376,Civilian Conservation Corps (U.S.) -- Officials and employees -- History -- 20th century,,,Civilian Conservation Corps .S.) -- FACILITIES -- 1930-1950,,,"Tennessee Valley Authority and ""grass roots democracy"" ",,,Nature and Environment,,,Government and Politics,,,Wars and Military,,,,,image/jpeg,reformatted digital,1 digital image; 1 photograph; 7 x 5 in.,BRISTOL (TENN.),The Great Depression and World War II (1929-1945).,Tennessee -- Sullivan County.,,,stillImage,black-and-white photographs ,,"This photograph is of Camp Evan Shelby, a Civilian Conservation Corps camp in Bristol, Tennessee. In the photograph, uniformed C.C.C personnel stand at attention among the camp buildings. According to a note on the back of the photo, the date is approximately December, 1934. This photograph was donated by James H. Pickens.","The University of Tennessee Libraries (Knoxville, Tennessee) is the digital publisher.","Camp Evan Shelby, C.C.C. Co. 1473, Bristol, Tennessee","For current rights information, please visit: http://idserver.utk.edu/?id=200600000001200",eng,Digital Collection:  The Growth of Democracy in Tennessee: A Grassroots Approach to Volunteer Voices, http://idserver.utk.edu/?id=200600000001199,"Pickens, James H.","Pickens, James H.",,,,,
0015_000060_000225_0000,1933,1933,,http://idserver.utk.edu/?id=200700000001377,Civilian Conservation Corps (U.S.) -- People -- 1930-1940,,,Fuelwood cutting,,,"Tennessee Valley Authority and ""grass roots democracy"" ",,,Nature and Environment,,,Farming and Agriculture,,,Government and Politics,,,,,image/jpeg,reformatted digital,1 digital image; 1 photograph; 3.5 x 5 in.,BRISTOL (TENN.),The Great Depression and World War II (1929-1945).,Tennessee -- Sullivan County.,,,stillImage,black-and-white photographs ,,"Two Civilian Conservation Corps workers, from Co. 1473, one smoking a cigarette, work with small axes splitting wood at Camp Evan Shelby in Bristol, Tennessee in 1933. this photograph was donated by James H. Pickens.","The University of Tennessee Libraries (Knoxville, Tennessee) is the digital publisher.",C.C.C. workers from Co. 1473 splitting logs at Camp Evan Shelby,"For current rights information, please visit: http://idserver.utk.edu/?id=200600000001200",eng,Digital Collection:  The Growth of Democracy in Tennessee: A Grassroots Approach to Volunteer Voices, http://idserver.utk.edu/?id=200600000001199,"Pickens, James H.","Pickens, James H.",,,,,
0015_000060_000226_0000,1933,1933,,http://idserver.utk.edu/?id=200700000001378,Civilian Conservation Corps (U.S.) -- Officials and employees -- History -- 20th century,,,Fuelwood cutting,,,"Tennessee Valley Authority and ""grass roots democracy"" ",,,Nature and Environment,,,Government and Politics,,,Farming and Agriculture,,,,,image/jpeg,reformatted digital,1 digital image; 1 photograph; 3.5 x 5 in.,BRISTOL (TENN.),The Great Depression and World War II (1929-1945).,Tennessee -- Sullivan County.,,,stillImage,black-and-white photographs ,,"A group of Civilian Conservation Corps men from Company 1473 work in rural East Tennessee at Camp Evan Shelby, Bristol, Tennessee, with logs of various sizes in 1933.","The University of Tennessee Libraries (Knoxville, Tennessee) is the digital publisher.","C.C.C. workers from Co. 1473, Camp Evan Shelby, work splitting logs","For current rights information, please visit: http://idserver.utk.edu/?id=200600000001200",eng,Digital Collection:  The Growth of Democracy in Tennessee: A Grassroots Approach to Volunteer Voices, http://idserver.utk.edu/?id=200600000001199,"Pickens, James H.","Pickens, James H.",,,,,
0015_000060_000227_0000,1936,1936,,http://idserver.utk.edu/?id=200700000001379,Civilian Conservation Corps (U.S.) -- People -- 1930-1940,,,Country musicians -- Tennessee -- Photographs,,,Bluegrass music -- Tennessee,,,"Tennessee Valley Authority and ""grass roots democracy"" ",,,Popular Culture and Folklife,,,Music and Performing Arts,,,,,image/jpeg,reformatted digital,1 digital image; 1 photograph; 7 x 5 in.,The Great Depression and World War II (1929-1945).,,,,,stillImage,black-and-white photographs ,,"This is a studio photograph of Jimmie Driver and his Tennessee Playboys, a C.C.C. camp band. A stamp on back of photo reads: The Rose Studio, Petersburg, VA. The band has three guitar players, one fiddle player, one banjo player, a harmonica player and a spoons player, each holding his instrument. The caption on the front of the photograph identifies Henry C. Mattingly as their announcer. It was donated by J. D. Driver.","The University of Tennessee Libraries (Knoxville, Tennessee) is the digital publisher.",Jimmie Driver and his Tennessee Playboys,"For current rights information, please visit: http://idserver.utk.edu/?id=200600000001200",eng,Digital Collection:  The Growth of Democracy in Tennessee: A Grassroots Approach to Volunteer Voices, http://idserver.utk.edu/?id=200600000001199,"Driver, J. G.","Driver, J. G.",,,,,
0015_000061_000200_0000,1900,1900,,http://idserver.utk.edu/?id=200700000001380,Children,,,Girls 1900-1920,,,Children and Childhood,,,African-Americans,,,Social Reform,,,,,,,,image/jpeg,reformatted digital,1 digital image; 1 photograph; 5 x 5 in.,Southern States -- Race relations.,The Emergence of Modern America (1890-1930).,,,,stillImage,black-and-white photographs ,,"Two young girls, one white and one black, pose for a picture upon a wooden bench in a park-like setting. A building behind them seems to be part of a college campus.","The University of Tennessee Libraries (Knoxville, Tennessee) is the digital publisher.","Two unidentified girls, one black and one white, seated on a cane bench","For current rights information, please visit: http://idserver.utk.edu/?id=200600000001200",eng,Digital Collection:  The Growth of Democracy in Tennessee: A Grassroots Approach to Volunteer Voices, http://idserver.utk.edu/?id=200600000001199,"Rankin, Anne Porterfield, 1887-1941","Rankin, Anne Porterfield, 1887-1941",,,,,
0015_000061_000201_0000,1900,1900,,http://idserver.utk.edu/?id=200700000001381,Children,,,Girls 1900-1920,,,Children and Childhood,,,African-Americans,,,,,,,,,,,image/jpeg,reformatted digital,1 digital image; 1 photograph; 3.3 x 3.4 in.,Southern States -- Race relations.,The Emergence of Modern America (1890-1930).,,,,stillImage,black-and-white photographs ,,"Two young girls, one black and one white, are seated together to pose for this picture. While their shoes and stockings are similar, their dresses are distinctively different.","The University of Tennessee Libraries (Knoxville, Tennessee) is the digital publisher.","Two unidentified girls, one black and one white, seated upon a porch","For current rights information, please visit: http://idserver.utk.edu/?id=200600000001200",eng,Digital Collection:  The Growth of Democracy in Tennessee: A Grassroots Approach to Volunteer Voices, http://idserver.utk.edu/?id=200600000001199,"Rankin, Anne Porterfield, 1887-1941","Rankin, Anne Porterfield, 1887-1941",,,,,
0015_000061_000202_0000,1916,1916,,http://idserver.utk.edu/?id=200700000001382,"World War, 1914-1918 -- Women",,,"World War, 1914-1918 -- War work ",,,Women,,,Wars and Military,,,Transportation and Internal Improvements,,,National League for Woman's Service,,,,,image/jpeg,reformatted digital,1 digital image; 1 photograph; 8 x 10 in.,The Emergence of Modern America (1890-1930).,,,,,stillImage,black-and-white photographs ,,Anne Porterfield Rankin took numerous photographs during World War I. This photograph shows women contributing to the war effort through their participation in the Motor Corps. The license plate of the vehicle is from New York.,"The University of Tennessee Libraries (Knoxville, Tennessee) is the digital publisher.","Motor Corps, National League for Woman's Service during World War I","For current rights information, please visit: http://idserver.utk.edu/?id=200600000001200",eng,Digital Collection:  The Growth of Democracy in Tennessee: A Grassroots Approach to Volunteer Voices, http://idserver.utk.edu/?id=200600000001199,"Porterfield, Anne Rankin, 1887-1941","Porterfield, Anne Rankin, 1887-1941",,,,,
0015_000061_000203_0000,1916,1916,,http://idserver.utk.edu/?id=200700000001383,"World War, 1914-1918 -- Women",,,"World War, 1914-1918 -- War work ",,,Women,,,Wars and Military,,,Sports and Recreation,,,National League for Woman's Service,,,,,image/jpeg,reformatted digital,1 digital image; 1 photograph; 10 x 8 in.,The Emergence of Modern America (1890-1930).,,,,,stillImage,black-and-white photographs ,,"Outdoor canteen of the National League for Woman's Service. The watercooler has the business logo of Crystal Springs in the Catskill Mountains. Soldiers eat at outdoor tables under tents, served by women of the National League for Woman's Service. A notation on the back of the photograph places the location as Chalons-Sur-Marne ARC Canteen, France.","The University of Tennessee Libraries (Knoxville, Tennessee) is the digital publisher.","Outdoor canteen of the National League for Woman's Service, Chalons-Sur-Marne, France","For current rights information, please visit: http://idserver.utk.edu/?id=200600000001200",eng,Digital Collection:  The Growth of Democracy in Tennessee: A Grassroots Approach to Volunteer Voices, http://idserver.utk.edu/?id=200600000001199,"Rankin, Anne Porterfield, 1887-1941","Rankin, Anne Porterfield, 1887-1941",,,,,
0015_000061_000204_0000,1916,1916,,http://idserver.utk.edu/?id=200700000001384,"World War, 1914-1918 -- War work -- Red Cross",,,Ambulance drivers,,,Ambulance service,,,Wars and Military,,,Transportation and Internal Improvements,,,Health and Medicine,,,,,image/jpeg,reformatted digital,1 digital image; 1 photograph; 3.3 x 4.3 in.,The Emergence of Modern America (1890-1930).,,,,,stillImage,black-and-white photographs ,,"In this photograph, an American Red Cross ambulance arrives with wounded people at a French chateau during World War I.","The University of Tennessee Libraries (Knoxville, Tennessee) is the digital publisher.",F.H.Q. and ambulance arriving at the Chateau with wounded,"For current rights information, please visit: http://idserver.utk.edu/?id=200600000001200",eng,Digital Collection:  The Growth of Democracy in Tennessee: A Grassroots Approach to Volunteer Voices, http://idserver.utk.edu/?id=200600000001199,"Rankin, Anne Porterfield, 1887-1941","Rankin, Anne Porterfield, 1887-1941",,,,,
0015_000061_000205_0000,1916,1916,,http://idserver.utk.edu/?id=200700000001385,"World War, 1914-1918 -- Military personnel",,,Wright Flyer (Airplane),,,Wars and Military,,,Transportation and Internal Improvements,,,,,,,,,,,image/jpeg,reformatted digital,1 digital image; 1 photography; 10.3 x 8 in.,The Emergence of Modern America (1890-1930).,,,,,stillImage,black-and-white photographs ,,"This photograph shows two columns of troops, possibly French, marching during World War I. There is a Wright flyer flying above the town towards which they march.","The University of Tennessee Libraries (Knoxville, Tennessee) is the digital publisher.",Two columns of troops marching with Wright flyer seen overhead,"For current rights information, please visit: http://idserver.utk.edu/?id=200600000001200",eng,Digital Collection:  The Growth of Democracy in Tennessee: A Grassroots Approach to Volunteer Voices, http://idserver.utk.edu/?id=200600000001199,"Rankin, Anne Porterfield, 1877-1941","Rankin, Anne Porterfield, 1877-1941",,,,,
0015_000061_000206_0000,1916,1916,,http://idserver.utk.edu/?id=200700000001386,"World War, 1914-1918 -- Battlefields -- France -- Verdun",,,"World War, 1914-1918 -- Destruction and pillage -- France",,,Wars and Military,,,,,,,,,,,,,,image/jpeg,reformatted digital,1 digital image; 1 photograph; 4.2 x 3.3 in.,The Emergence of Modern America (1890-1930).,,,,,stillImage,black-and-white photographs ,,"This is a photograph of the ruins of a house in Verdun, France during World War I.","The University of Tennessee Libraries (Knoxville, Tennessee) is the digital publisher.",House in Verdun,"For current rights information, please visit: http://idserver.utk.edu/?id=200600000001200",eng,Digital Collection:  The Growth of Democracy in Tennessee: A Grassroots Approach to Volunteer Voices, http://idserver.utk.edu/?id=200600000001199,"Rankin, Anne Porterfield, 1877-1941","Rankin, Anne Porterfield, 1877-1941",,,,,
0015_000061_000207_0000,1916,1916,,http://idserver.utk.edu/?id=200700000001387,"World War, 1914-1918 -- Destruction and pillage -- France -- Verdun",,,Wars and Military,,,Architecture,,,,,,,,,,,,,,image/jpeg,reformatted digital,1 digital image; 1 photography; 8 x 4.4 in.,The Emergence of Modern America (1890-1930).,,,,,stillImage,black-and-white photographs,,"This photograph shows the destruction along a canal in Verdun, France, during World War I. The area closest to the canal is full of stone rubble.","The University of Tennessee Libraries (Knoxville, Tennessee) is the digital publisher.",Houses along one of the canals in the town of Verdun,"For current rights information, please visit: http://idserver.utk.edu/?id=200600000001200",eng,Digital Collection:  The Growth of Democracy in Tennessee: A Grassroots Approach to Volunteer Voices, http://idserver.utk.edu/?id=200600000001199,"Rankin, Anne Porterfield, 1877-1941","Rankin, Anne Porterfield, 1877-1941",,,,,
0015_000061_000208_0000,1916,1916,,http://idserver.utk.edu/?id=200700000001388,"World War, 1914-1918 -- Destruction and pillage -- France",,,Wars and Military,,,Architecture,,,,,,,,,,,,,,image/jpeg,reformatted digital,1 digital image; 1 photograph; 3.3 x 4.3 in.,The Emergence of Modern America (1890-1930).,,,,,stillImage,black-and-white photographs,,"This photograph shows the destruction brought by World War I to a town near Verdun, France. Buildings on either side of an intersection lie in rubble, with a damaged Cathedral in the background.","The University of Tennessee Libraries (Knoxville, Tennessee) is the digital publisher.",A town near Verdun,"For current rights information, please visit: http://idserver.utk.edu/?id=200600000001200",eng,Digital Collection:  The Growth of Democracy in Tennessee: A Grassroots Approach to Volunteer Voices, http://idserver.utk.edu/?id=200600000001199,"Rankin, Anne Porterfield, 1877-1941","Rankin, Anne Porterfield, 1877-1941",,,,,
0015_000062_000207_0000,1936-03-31,1936-03-31,,http://idserver.utk.edu/?id=200700000001389,Civilian Conservation Corps (U.S.) -- Officials and employees -- History -- 20th century,,,Quarries and quarrying --Tennessee,,,"Tennessee Valley Authority and ""grass roots democracy"" ",,,Nature and Environment,,,Government and Politics,,,Transportation and Internal Improvements,,,,,image/jpeg,reformatted digital,1 digital image; 1 photograph; 10 x 7.6 in.,CUMBERLAND HOMESTEADS (TENN.) ,The Great Depression and World War II (1929-1945).,Tennessee -- Cumberland County.,,,stillImage,black-and-white photographs ,,"This photograph shows Civilian Conservation Corps workers at work in a sandstone quarry at Cumberland Homestead, Tennessee.","The University of Tennessee Libraries (Knoxville, Tennessee) is the digital publisher.","C.C.C work at the quarry at Cumberland Homestead, Tennessee","For current rights information, please visit: http://idserver.utk.edu/?id=200600000001200",eng,Digital Collection:  The Growth of Democracy in Tennessee: A Grassroots Approach to Volunteer Voices, http://idserver.utk.edu/?id=200600000001199,"Swan, Frederick","Swan, Frederick",,,,"Swan, Sara",
0015_000062_000208_0000,1936,1936,,http://idserver.utk.edu/?id=200700000001390,Civilian Conservation Corps (U.S.) -- Officials and employees -- History -- 20th century,,,Water mills -- Design and construction,,,"Tennessee Valley Authority and ""grass roots democracy"" ",,,Transportation and Internal Improvements,,,Nature and Environment,,,Government and Politics,,,,,image/jpeg,reformatted digital,1 digital image; 1 photograph; 10 x 8 in.,PICKETT STATE PARK (TENN.),FENTRESS COUNTY (TENN.),The Great Depression and World War II (1929-1945).,Tennessee -- Fentress County.,,stillImage,black-and-white photographs ,,"This photograph shows Civilian Conservation Corps workers building the mill at Pickett Park in Fentress County, Tennessee.","The University of Tennessee Libraries (Knoxville, Tennessee) is the digital publisher.",C.C.C. work on the mill at Pickett Park,"For current rights information, please visit: http://idserver.utk.edu/?id=200600000001200",eng,Digital Collection:  The Growth of Democracy in Tennessee: A Grassroots Approach to Volunteer Voices, http://idserver.utk.edu/?id=200600000001199,"Swan, Frederick","Swan, Frederick",,,,"Swan, Sara",
0015_000062_000209_0000,1933,1933,,http://idserver.utk.edu/?id=200700000001391,Civilian Conservation Corps .S.) -- FACILITIES -- 1930-1950,,,Civilian Conservation Corps (U.S.) -- Officials and employees -- History -- 20th century,,,Military exchanges -- United States,,,"Tennessee Valley Authority and ""grass roots democracy"" ",,,Wars and Military,,,Government and Politics,,,Popular Culture and Folklife.,,image/jpeg,reformatted digital,1 digital image; 1 photograph; 10 x 8 in.,The Great Depression and World War II (1929-1945).,Tennessee -- Henderson County.,,,,stillImage,black-and-white photographs ,,"This photograph shows worker standing in front of shelves of products such as pipes, tobacco and chocolate at the P.X. of the 496th Company, C.C.C. TVA-29 Lexington, Tenn. Spencer and Wyckoff of Detroit, Michigan produced the print.","The University of Tennessee Libraries (Knoxville, Tennessee) is the digital publisher.",C.C.C. Company 496 P.X.,"For current rights information, please visit: http://idserver.utk.edu/?id=200600000001200",eng,Digital Collection:  The Growth of Democracy in Tennessee: A Grassroots Approach to Volunteer Voices, http://idserver.utk.edu/?id=200600000001199,,,,,,,"Spencer and Wyckoff, Detroit, Michigan, 1936"
0015_000062_000210_0000,1936,1936,,http://idserver.utk.edu/?id=200700000001392,Civilian Conservation Corps .S.) -- FACILITIES -- 1930-1950,,,Civilian Conservation Corps (U.S.) -- People -- 1930-1940,,,Boxing,,,"Tennessee Valley Authority and ""grass roots democracy"" ",,,Sports and Recreation,,,Government and Politics,,,,,image/jpeg,reformatted digital,1 digital image; 1 photograph; 10 x 8 in.,The Great Depression and World War II (1929-1945).,Tennessee -- Henderson County.,,,,stillImage,black-and-white photographs ,,"This is a photograph of the C.C.C. Company 496, TVA-29, Boxing Ring, in Lexington, Tennessee. Two shirtless boxers wearing boxing gloves spar as onlookers surround the ring.","The University of Tennessee Libraries (Knoxville, Tennessee) is the digital publisher.",C.C.C. Company 496 Boxing Ring,"For current rights information, please visit: http://idserver.utk.edu/?id=200600000001200",eng,Digital Collection:  The Growth of Democracy in Tennessee: A Grassroots Approach to Volunteer Voices, http://idserver.utk.edu/?id=200600000001199,"Jones, Carl","Jones, Carl",,,,,
0015_000062_000211_0000,1935,1935,,http://idserver.utk.edu/?id=200700000001393,Civilian Conservation Corps (U.S.) -- People -- 1930-1940,,,"Vehicles, Military -- United States",,,"Mail trucks, 1900-1940",,,"Tennessee Valley Authority and ""grass roots democracy"" ",,,Transportation and Internal Improvements,,,Government and Politics,,,Wars and Military.,,image/jpeg,reformatted digital,1 digital image; 1 photograph; 8 x 10 in.,The Great Depression and World War II (1929-1945).,Tennessee -- Monroe County.,,,,stillImage,black-and-white photographs ,,"Hudon Stephens and Charles Rutherford stand beside a mail truck at Civilian Conservation Corps Company 417, in Ivy, Tennessee. The dates are inferred from Charles Rutherford's promotion certificates.","The University of Tennessee Libraries (Knoxville, Tennessee) is the digital publisher.","Hudon Stephens, Charles Rutherford and mail truck at C.C.C. Co. 417, Ivy, Tennessee","For current rights information, please visit: http://idserver.utk.edu/?id=200600000001200",eng,Digital Collection:  The Growth of Democracy in Tennessee: A Grassroots Approach to Volunteer Voices, http://idserver.utk.edu/?id=200600000001199,"Rutherford, Charles E.","Rutherford, Charles E.",,,,,
0015_000062_000212_0000,1935,1935,,http://idserver.utk.edu/?id=200700000001394,Civilian Conservation Corps (U.S.) -- People -- 1930-1940,,,"Tennessee Valley Authority and ""grass roots democracy"" ",,,Government and Politics,,,Wars and Military,,,,,,,,,,,image/jpeg,reformatted digital,1 digital image; 1 photograph; 10 x 8 in.,The Great Depression and World War II (1929-1945).,Tennessee -- Monroe County.,,,,stillImage,black-and-white photographs ,,"In this photograph, Civilian Conservation Corps workers pose on the ring and chow gong at C.C.C. Company 417, in Ivy, Tennessee. On the back of the photograph, the people in photo are identified as Joe Givins, Calvin Robinson, Jack Pitts, Leo Decker, and Charles Rutherford. The dates are inferred from Charles Rutherford's promotion certificates.","The University of Tennessee Libraries (Knoxville, Tennessee) is the digital publisher.","C.C.C. workers on the ring and chow gong, C.C.C. Co. 417, Ivy, Tennessee","For current rights information, please visit: http://idserver.utk.edu/?id=200600000001200",eng,Digital Collection:  The Growth of Democracy in Tennessee: A Grassroots Approach to Volunteer Voices, http://idserver.utk.edu/?id=200600000001199,"Rutherford, Charles E.","Rutherford, Charles E.",,,,,
0015_000062_000213_0000,1933,1933,,http://idserver.utk.edu/?id=200700000001395,Civilian Conservation Corps (U.S.) -- Officials and employees -- History -- 20th century,,,Civilian Conservation Corps .S.) -- FACILITIES -- 1930-1950,,,Telegraphers,,,"Tennessee Valley Authority and ""grass roots democracy"" ",,,Science and Technology,,,Government and Politics,,,,,image/jpeg,reformatted digital,1 digital image; 1 photograph; 9.6 x 7.3 in.,The Great Depression and World War II (1929-1945).,,,,,stillImage,black-and-white photographs ,,A young man works at a C.C.C. camp operating a telegraph.,"The University of Tennessee Libraries (Knoxville, Tennessee) is the digital publisher.",C.C.C. telegraph operator,"For current rights information, please visit: http://idserver.utk.edu/?id=200600000001200",eng,Digital Collection:  The Growth of Democracy in Tennessee: A Grassroots Approach to Volunteer Voices, http://idserver.utk.edu/?id=200600000001199,"Tate, Leonard","Tate, Leonard",,,,,
0015_000062_000214_0000,1935-04-27,1935-04-27,,http://idserver.utk.edu/?id=200700000001396,Civilian Conservation Corps (U.S.) -- Officials and employees -- History -- 20th century,,,Soil conservation,,,Roads -- Design and construction,,,"Tennessee Valley Authority and ""grass roots democracy"" ",,,Transportation and Internal Improvements,,,Nature and Environment,,,Government and Politics.,,image/jpeg,reformatted digital,1 digital image; 1 photograph; 4.75 x 3 in.,The Great Depression and World War II (1929-1945).,Tennessee -- Anderson County.,,,,stillImage,black-and-white photographs ,,"Civilian Conservation Corps members work planting seedlings on a slope, probably along the Norris Freeway. Abe Kennerly is in the foreground.","The University of Tennessee Libraries (Knoxville, Tennessee) is the digital publisher.","Planting seedlings on a slope, Abe Kennerly in foreground","For current rights information, please visit: http://idserver.utk.edu/?id=200600000001200",eng,Digital Collection:  The Growth of Democracy in Tennessee: A Grassroots Approach to Volunteer Voices, http://idserver.utk.edu/?id=200600000001199,"Haslbauer, Otto F.","Haslbauer, Otto F.",,,,,
0015_000062_000215_0000,1935,1935,,http://idserver.utk.edu/?id=200700000001397,Civilian Conservation Corps (U.S.) -- Officials and employees,,,Roads -- Design and construction,,,"Tennessee Valley Authority and ""grass roots democracy"" ",,,Transportation and Internal Improvements,,,Government and Politics,,,,,,,,image/jpeg,reformatted digital,1 digital image; 1 photograph; 3 x 4.7 in.,The Great Depression and World War II (1929-1945).,Tennessee -- Anderson County.,,,,stillImage,black-and-white photographs ,,This photograph shows Civilian Conservation Corps members working on a section of the Norris Freeway that includes a small bridge.,"The University of Tennessee Libraries (Knoxville, Tennessee) is the digital publisher.",Work on Norris Freeway,"For current rights information, please visit: http://idserver.utk.edu/?id=200600000001200",eng,Digital Collection:  The Growth of Democracy in Tennessee: A Grassroots Approach to Volunteer Voices, http://idserver.utk.edu/?id=200600000001199,"Haslbauer, Otto F.","Haslbauer, Otto F.",,,,,
0015_000062_000216_0000,1934,1934,,http://idserver.utk.edu/?id=200700000001398,Civilian Conservation Corps (U.S.) -- Officials and employees -- History -- 20th century,,,Telephone lines -- Design and construction,,,"Tennessee Valley Authority and ""grass roots democracy"" ",,,Transportation and Internal Improvements,,,Science and Technology,,,telephone poles,,,,,image/jpeg,reformatted digital,1 digital image; 1 photograph; 4.6 x 3 in.,The Great Depression and World War II (1929-1945).,,,,,stillImage,black-and-white photographs ,,"Civilian Conservation Corps workers strip cedars for telephone poles. According to the back of the photo, it was during the winter of 1934-1935.","The University of Tennessee Libraries (Knoxville, Tennessee) is the digital publisher.",C.C.C. workers strip cedars for telephone poles,"For current rights information, please visit: http://idserver.utk.edu/?id=200600000001200",eng,Digital Collection:  The Growth of Democracy in Tennessee: A Grassroots Approach to Volunteer Voices, http://idserver.utk.edu/?id=200600000001199,"Haslbauer, Otto F.","Haslbauer, Otto F.",,,,,
0015_000062_000217_0000,1935,1935,,http://idserver.utk.edu/?id=200700000001399,Civilian Conservation Corps (U.S.) -- Officials and employees,,,Roads -- Design and construction,,,"African Americans -- Employment, 1930-1940",,,"Tennessee Valley Authority and ""grass roots democracy"" ",,,Transportation and Internal Improvements,,,African-Americans,,,Government and Politics.,,image/jpeg,reformatted digital,1 digital image; 1 photograph; 3 x 4.7 in.,The Great Depression and World War II (1929-1945).,,,,,stillImage,black-and-white photographs ,,African-American Civilian Conservation Corps workers build a rock gutter along the Norris Freeway.,"The University of Tennessee Libraries (Knoxville, Tennessee) is the digital publisher.",C.C.C. workers building rock gutter along freeway,"For current rights information, please visit: http://idserver.utk.edu/?id=200600000001200",eng,Digital Collection:  The Growth of Democracy in Tennessee: A Grassroots Approach to Volunteer Voices, http://idserver.utk.edu/?id=200600000001199,"Haslbauer, Otto F.","Haslbauer, Otto F.",,,,,
0015_000062_000218_0000,1935-06-25,1935-06-25,,http://idserver.utk.edu/?id=200700000001400,Civilian Conservation Corps (U.S.) -- Officials and employees,,,Roads -- Design and construction,,,Stream conservation,,,"Tennessee Valley Authority and ""grass roots democracy"" ",,,Transportation and Internal Improvements,,,Nature and Environment,,,Government and Politics.,,image/jpeg,reformatted digital,1 digital image; 1 photograph; 3 x 4.7 in.,The Great Depression and World War II (1929-1945).,,,,,stillImage,black-and-white photographs ,,Civilian Conservation Corps workers workers grade and dress a stream along the Norris Freeway.,"The University of Tennessee Libraries (Knoxville, Tennessee) is the digital publisher.",C.C.C. workers grading and dressing a stream along the freeway,"For current rights information, please visit: http://idserver.utk.edu/?id=200600000001200",eng,Digital Collection:  The Growth of Democracy in Tennessee: A Grassroots Approach to Volunteer Voices, http://idserver.utk.edu/?id=200600000001199,"Haslbauer, Otto F.","Haslbauer, Otto F.",,,,,
0015_000062_000219_0000,1935,1935,,http://idserver.utk.edu/?id=200700000001401,Civilian Conservation Corps (U.S.) -- Officials and employees,,,Roads -- Design and construction,,,"African Americans -- Employment, 1930-1940",,,"Tennessee Valley Authority and ""grass roots democracy"" ",,,Transportation and Internal Improvements,,,African-Americans,,,Government and Politics.,,image/jpeg,reformatted digital,1 digital image; 1 photograph; 4.67 x 3 in.,The Great Depression and World War II (1929-1945).,,,,,stillImage,black-and-white photographs ,,"African-American Civilian Conservation Corps workers create a rock base for water to flow down to protect a road, probably in the area of the Norris Freeway, identified on the back of the photograph as ""rip-rapping.""","The University of Tennessee Libraries (Knoxville, Tennessee) is the digital publisher.",Rip-rapping to protect road,"For current rights information, please visit: http://idserver.utk.edu/?id=200600000001200",eng,Digital Collection:  The Growth of Democracy in Tennessee: A Grassroots Approach to Volunteer Voices, http://idserver.utk.edu/?id=200600000001199,"Haslbauer, Otto F.","Haslbauer, Otto F.",,,,,
0015_000062_000220_0000,1935,1935,,http://idserver.utk.edu/?id=200700000001402,Civilian Conservation Corps (U.S.),,,Roads -- Design and construction,,,Bridges -- Design and construction,,,"Tennessee Valley Authority and ""grass roots democracy"" ",,,Transportation and Internal Improvements,,,Government and Politics,,,,,image/jpeg,reformatted digital,1 digital image; 1 photograph; 4.7 x 3 in.,The Great Depression and World War II (1929-1945).,,,,,stillImage,black-and-white photographs ,,Civilian Conservation Corps workers build this bridge over a creek on the Norris Freeway. There is an old black truck beside the bridge.,"The University of Tennessee Libraries (Knoxville, Tennessee) is the digital publisher.","Bridge over a creek, Norris Freeway, built by C.C.C. workers","For current rights information, please visit: http://idserver.utk.edu/?id=200600000001200",eng,Digital Collection:  The Growth of Democracy in Tennessee: A Grassroots Approach to Volunteer Voices, http://idserver.utk.edu/?id=200600000001199,"Haslbauer, Otto F.","Haslbauer, Otto F.",,,,,
0015_000062_000221_0000,1935,1935,,http://idserver.utk.edu/?id=200700000001403,Civilian Conservation Corps (U.S.) -- People -- 1930-1940,,,Tree planting,,,"Tennessee Valley Authority and ""grass roots democracy"" ",,,Nature and Environment,,,Government and Politics,,,,,,,,image/jpeg,reformatted digital,1 digital image; 1 photograph; 3 x 4.7 in.,The Great Depression and World War II (1929-1945).,,,,,stillImage,black-and-white photographs ,,"Maple tree just after transplanting by C.C.C boys under the direction of H.A. Shadow. A note on back of photo mentions Home, Winchester, Tenn, Tenn. Valley Nurseree, Junction #61 and 441.","The University of Tennessee Libraries (Knoxville, Tennessee) is the digital publisher.",Maple tree just after transplanting by C.C.C boys under the direction of H.A. Shadow,"For current rights information, please visit: http://idserver.utk.edu/?id=200600000001200",eng,Digital Collection:  The Growth of Democracy in Tennessee: A Grassroots Approach to Volunteer Voices, http://idserver.utk.edu/?id=200600000001199,"Haslbauer, Otto F.","Haslbauer, Otto F.",,,,,
0015_000062_000222_0000,1935,1935,,http://idserver.utk.edu/?id=200700000001404,Civilian Conservation Corps (U.S.) -- Officials and employees,,,Water resources development -- Tennessee -- Norris Lake region,,,Dams -- Design and construction,,,"Tennessee Valley Authority and ""grass roots democracy"" ",,,Transportation and Internal Improvements,,,Government and Politics,,,,,image/jpeg,reformatted digital,1 digital image; 1 photograph; 4.7 x 3 in.,The Great Depression and World War II (1929-1945).,Tennessee -- Union County.,,,,stillImage,black-and-white photographs ,,"Civilian Conservation Corps workers at Big Ridge Dam in Union County, Tennessee. According to the caption on the back, it was P-10 Work, Norris Freeway. This project created 45-acre lake on one of the arms of the Norris Reservoir, was built by the C.C.C., the National Park Service, and the Tennessee Valley Authority.","The University of Tennessee Libraries (Knoxville, Tennessee) is the digital publisher.","Big Ridge Dam, 198' long, 50' high","For current rights information, please visit: http://idserver.utk.edu/?id=200600000001200",eng,Digital Collection:  The Growth of Democracy in Tennessee: A Grassroots Approach to Volunteer Voices, http://idserver.utk.edu/?id=200600000001199,"Haslbauer, Otto F.","Haslbauer, Otto F.",,,,,
0015_000062_000223_0000,1935,1935,,http://idserver.utk.edu/?id=200700000001405,Civilian Conservation Corps (U.S.) -- Officials and employees,,,Roads -- Design and construction,,,Road construction workers,,,"Tennessee Valley Authority and ""grass roots democracy"" ",,,Transportation and Internal Improvements,,,African-Americans,,,Government and Politics.,,image/jpeg,reformatted digital,1 digital image; 1 photograph; 2.9 x 4.74 in.,The Great Depression and World War II (1929-1945).,,,,,stillImage,black-and-white photographs ,,African-American C.C.C. workers are busy tamping and finishing posts for guard rail along the Norris Freeway in 1935.,"The University of Tennessee Libraries (Knoxville, Tennessee) is the digital publisher.","Tamping and finishing posts for guard rail along freeway, 1935","For current rights information, please visit: http://idserver.utk.edu/?id=200600000001200",eng,Digital Collection:  The Growth of Democracy in Tennessee: A Grassroots Approach to Volunteer Voices, http://idserver.utk.edu/?id=200600000001199,"Haslbauer, Otto F.","Haslbauer, Otto F.",,,,,
0015_000062_000224_0000,1935,1935,,http://idserver.utk.edu/?id=200700000001406,Civilian Conservation Corps (U.S.) -- People -- 1930-1940,,,Bridges -- Design and construction,,,Civilian Conservation Corps .S.) -- FACILITIES -- 1930-1950,,,"Tennessee Valley Authority and ""grass roots democracy"" ",,,Transportation and Internal Improvements,,,Government and Politics,,,,,image/jpeg,reformatted digital,1 digital image; 1 photograph; 4.8 x 3 in.,The Great Depression and World War II (1929-1945).,Tennessee -- Knox County.,,,,stillImage,black-and-white photographs ,,"C.C.C. workers build a foot bridge across a ditch at the 223rd Co. TVA P-10, Civilian Conservation Corps camp, Powell Station, Tennessee.","The University of Tennessee Libraries (Knoxville, Tennessee) is the digital publisher.",Building foot bridge across ditch in T.V.A. P-10 C.C.C. camp,"For current rights information, please visit: http://idserver.utk.edu/?id=200600000001200",eng,Digital Collection:  The Growth of Democracy in Tennessee: A Grassroots Approach to Volunteer Voices, http://idserver.utk.edu/?id=200600000001199,"Haslbauer, Otto F.","Haslbauer, Otto F.",,,,,
0015_000062_000225_0000,1935,1935,,http://idserver.utk.edu/?id=200700000001407,Soil conservation,,,Civilian Conservation Corps (U.S.) -- People -- 1930-1940,,,Roads -- Design and construction,,,"Tennessee Valley Authority and ""grass roots democracy"" ",,,Nature and Environment,,,Transportation and Internal Improvements,,,,,image/jpeg,reformatted digital,1 digital image; 1 photograph; 3 x 4.7 in.,The Great Depression and World War II (1929-1945).,Tennessee -- Knox County.,Tennessee -- Union County.,,,stillImage,black-and-white photographs ,,Civilian Conservation Corps workers scatter straw on a hillside to improve soil conversation.,"The University of Tennessee Libraries (Knoxville, Tennessee) is the digital publisher.",C.C.C. workers scatter straw on hillside to improve land,"For current rights information, please visit: http://idserver.utk.edu/?id=200600000001200",eng,Digital Collection:  The Growth of Democracy in Tennessee: A Grassroots Approach to Volunteer Voices, http://idserver.utk.edu/?id=200600000001199,"Haslbauer, Otto F.","Haslbauer, Otto F.",,,,,
0015_000062_000226_0000,1935,1935,,http://idserver.utk.edu/?id=200700000001408,Civilian Conservation Corps (U.S.) -- Officials and employees -- History -- 20th century,,,Automobiles -- Maintenance and repair -- Study and teaching,,,African Americans -- Southern States -- Vocational education,,,"Tennessee Valley Authority and ""grass roots democracy"" ",,,Education,,,African-Americans,,,Government and Politics.,,image/jpeg,reformatted digital,1 digital image; 1 photograph; 4.7 x 2.9 in.,The Great Depression and World War II (1929-1945).,Tennessee -- Knox County.,,,,stillImage,black-and-white photographs ,,"The title is from the back of the photograph, as written by the photographer. The African-American Civilian Conservation Corps workers learn about automobile mechanics from Jimmy Criddle at TVA P-10, Powell Station, Tennessee.","The University of Tennessee Libraries (Knoxville, Tennessee) is the digital publisher.","Automotive instruction, Jimmy Criddle, P-10 mechanic with Negro C.C.C. workers, 1935","For current rights information, please visit: http://idserver.utk.edu/?id=200600000001200",eng,Digital Collection:  The Growth of Democracy in Tennessee: A Grassroots Approach to Volunteer Voices, http://idserver.utk.edu/?id=200600000001199,"Haslbauer, Otto F.","Haslbauer, Otto F.",,,,,
0015_000062_000227_0000,1935,1935,,http://idserver.utk.edu/?id=200700000001409,Civilian Conservation Corps (U.S.) -- Officials and employees,,,Roads -- Design and construction,,,Tree stump removal,,,"Tennessee Valley Authority and ""grass roots democracy"" ",,,Transportation and Internal Improvements,,,Government and Politics,,,Nature and Environment.,,image/jpeg,reformatted digital,1 digital image; 1 photograph; 4.7 x 3 in.,The Great Depression and World War II (1929-1945).,Tennessee -- Union County.,Tennessee -- Knox County.,,,stillImage,black-and-white photographs ,,"Civilian Conservation Corps crew at work digging up a large tree stump, near the Norris Freeway.","The University of Tennessee Libraries (Knoxville, Tennessee) is the digital publisher.",C.C.C. crew at work,"For current rights information, please visit: http://idserver.utk.edu/?id=200600000001200",eng,Digital Collection:  The Growth of Democracy in Tennessee: A Grassroots Approach to Volunteer Voices, http://idserver.utk.edu/?id=200600000001199,"Haslbauer, Otto F.","Haslbauer, Otto F.",,,,,
0015_000062_000228_0000,1935,1935,,http://idserver.utk.edu/?id=200700000001410,Civilian Conservation Corps (U.S.) -- Officials and employees,,,Tennessee Valley Authority,,,Dams -- Design and construction,,,"Tennessee Valley Authority and ""grass roots democracy"" ",,,Transportation and Internal Improvements,,,Government and Politics,,,Nature and Environment.,,image/jpeg,reformatted digital,1 digital image; 1 photographs; 3 x 4.7 in.,The Great Depression and World War II (1929-1945).,Tennessee -- Union County.,,,,stillImage,black-and-white photographs ,,"Civilian Conservation Corps crew at work the Big Ridge Dam in Union County, Tennessee.","The University of Tennessee Libraries (Knoxville, Tennessee) is the digital publisher.",Working on Big Ridge Dam,"For current rights information, please visit: http://idserver.utk.edu/?id=200600000001200",eng,Digital Collection:  The Growth of Democracy in Tennessee: A Grassroots Approach to Volunteer Voices, http://idserver.utk.edu/?id=200600000001199,"Haslbauer, Otto F.","Haslbauer, Otto F.",,,,,
0015_000062_000229_0000,1935,1935,,http://idserver.utk.edu/?id=200700000001411,Civilian Conservation Corps (U.S.) -- Officials and employees,,,Dams -- Design and construction,,,Tennessee Valley Authority,,,"Tennessee Valley Authority and ""grass roots democracy"" ",,,Transportation and Internal Improvements,,,Government and Politics,,,,,image/jpeg,reformatted digital,1 digital image; 1 photograph; 4.7 x 3 in.,The Great Depression and World War II (1929-1945).,Tennessee -- Union County.,,,,stillImage,black-and-white photographs ,,This photograph shows the construction of Big Ridge Dam by Civilian Conservation Corps workers in the mid-1930s.,"The University of Tennessee Libraries (Knoxville, Tennessee) is the digital publisher.",Construction of Big Ridge Dam,"For current rights information, please visit: http://idserver.utk.edu/?id=200600000001200",eng,Digital Collection:  The Growth of Democracy in Tennessee: A Grassroots Approach to Volunteer Voices, http://idserver.utk.edu/?id=200600000001199,"Haslbauer, Otto F.","Haslbauer, Otto F.",,,,,
0015_000062_000230_0000,1935,1935,,http://idserver.utk.edu/?id=200700000001412,Civilian Conservation Corps .S.) -- FACILITIES -- 1930-1950,,,Recreation centers,,,"Tennessee Valley Authority and ""grass roots democracy"" ",,,Sports and Recreation,,,Government and Politics,,,,,,,,image/jpeg,reformatted digital,1 digital image; 1 photograph; 4.7 x 3 in.,The Great Depression and World War II (1929-1945).,Tennessee -- Knox County.,,,,stillImage,black-and-white photographs ,,"This photograph of the all-purpose recreation room, 223rd Co. C.C.C., TVA P-10, Powell Station, Tennessee was donated by Otto F. Haslbauer. The picture was printed by Spencer and Wyckoff of Detroit, Michigan","The University of Tennessee Libraries (Knoxville, Tennessee) is the digital publisher.","All purpose recreation room, 223rd Co. C.C.C., TVA P-10, Powell Station, Tennessee","For current rights information, please visit: http://idserver.utk.edu/?id=200600000001200",eng,Digital Collection:  The Growth of Democracy in Tennessee: A Grassroots Approach to Volunteer Voices, http://idserver.utk.edu/?id=200600000001199,,,,,,,"Spencer and Wyckoff, Detroit, Michigan, "
0015_000062_000231_0000,1935,1935,,http://idserver.utk.edu/?id=200700000001413,Civilian Conservation Corps .S.) -- FACILITIES -- 1930-1950,,,Barracks,,,"Tennessee Valley Authority and ""grass roots democracy"" ",,,Government and Politics,,,Architecture,,,Wars and Military,,,,,image/jpeg,reformatted digital,1 digital image; 1 photograph; 7 x 5 in.,The Great Depression and World War II (1929-1945).,Tennessee -- Knox County.,,,,stillImage,black-and-white photographs ,,"This photograph depicts typical living quarters of the 223rd Company C.C.C., TVA P-10 in Powell Station, Tennessee. Inside the wooden barracks, metal bunks are neatly arranged with heads and feet facing opposite directions. Wooden trunks lie at the end of each bed and laundry bags hang from the walls. Otto F. Haslbauer donated this photograph, which was printed by Spencer and Wyckoff of Detroit, Michigan.","The University of Tennessee Libraries (Knoxville, Tennessee) is the digital publisher.","Typical living quarters, 223rd Co. C.C.C., TVA P-10, Powell Station, Tennessee","For current rights information, please visit: http://idserver.utk.edu/?id=200600000001200",eng,Digital Collection:  The Growth of Democracy in Tennessee: A Grassroots Approach to Volunteer Voices, http://idserver.utk.edu/?id=200600000001199,"Haslbauer, Otto F.","Haslbauer, Otto F.",,,,,"Spencer and Wyckoff, Detroit, Michigan, "
0015_000062_000232_0000,1935,1935,,http://idserver.utk.edu/?id=200700000001414,Civilian Conservation Corps .S.) -- FACILITIES -- 1930-1950,,,Cafeterias,,,"Tennessee Valley Authority and ""grass roots democracy"" ",,,Government and Politics,,,Architecture,,,mess hall,,,,,image/jpeg,reformatted digital,1 digital image; 1 photograph; 7 x 5 in.,The Great Depression and World War II (1929-1945).,Tennessee -- Knox County.,,,,stillImage,black-and-white photographs ,,"The photograph shows the orderly dining hall of the 223rd Company of the Civilian Conservation Corps, TVA P-10 in Powell Station, Tennessee. The tables are set with plates, mugs, forks and spoons. The kitchen crew can be seen in the background. Otto F. Haslbauer donated this photograph, which was printed by Spencer and Wyckoff of Detroit, Michigan.","The University of Tennessee Libraries (Knoxville, Tennessee) is the digital publisher.","Dining hall, 223rd Co. C.C.C., TVA P-10, Powell Station, Tennessee","For current rights information, please visit: http://idserver.utk.edu/?id=200600000001200",eng,Digital Collection:  The Growth of Democracy in Tennessee: A Grassroots Approach to Volunteer Voices, http://idserver.utk.edu/?id=200600000001199,"Haslbauer, Otto F.","Haslbauer, Otto F.",,,,,"Spencer and Wyckoff, Detroit, Michigan, "
0015_000062_000233_0000,1935,1935,,http://idserver.utk.edu/?id=200700000001415,Civilian Conservation Corps .S.) -- FACILITIES -- 1930-1950,,,"Tennessee Valley Authority and ""grass roots democracy"" ",,,Government and Politics,,,Nature and Environment,,,Architecture,,,,,,,,image/jpeg,reformatted digital,1 digital image; 1 photograph; 7 x 5 in.,The Great Depression and World War II (1929-1945).,Tennessee -- Knox County.,,,,stillImage,black-and-white photographs ,,"This photograph provides a view of the facilities of the Civilian Conservation Corps camp of the 223rd Company, TVA P-10, in Powell Station, Tennessee. It includes the typical C.C.C barracks and headquarters. Otto F. Haslbauer donated this photograph, which was printed by Spencer and Wyckoff of Detroit, Michigan.","The University of Tennessee Libraries (Knoxville, Tennessee) is the digital publisher.","Typical C.C.C barracks and headquarters, 223rd Co. C.C.C., TVA P-10, Powell Station, Tennessee","For current rights information, please visit: http://idserver.utk.edu/?id=200600000001200",eng,Digital Collection:  The Growth of Democracy in Tennessee: A Grassroots Approach to Volunteer Voices, http://idserver.utk.edu/?id=200600000001199,"Haslbauer, Otto F.","Haslbauer, Otto F.",,,,,"Spencer and Wyckoff, Detroit, Michigan, "
0015_000062_000234_0000,1935,1935,,http://idserver.utk.edu/?id=200700000001416,Civilian Conservation Corps (U.S.) -- Officials and employees,,,Civilian Conservation Corps .S.) -- FACILITIES -- 1930-1950,,,Civilian Conservation Corps (U.S.) -- People -- 1930-1940,,,"Tennessee Valley Authority and ""grass roots democracy"" ",,,Government and Politics,,,Architecture,,,,,image/jpeg,reformatted digital,1 digital image; 1 photograph; 7 x 5 in.,The Great Depression and World War II (1929-1945).,Tennessee -- Knox County.,,,,stillImage,black-and-white photographs ,,"This photograph shows five members of the Civilian Conservation Corps headquarters personnel of the 223rd Company, TVA P-10, in Powell Station, Tennessee. The room has wooden desks, a typewriter, file cabinets, file boxes, a coal-burning stove. In the back of the room, there is an organizational chart for the company that shows a division of five work crews and other personnel. donor: Haslbauer, Otto F. Photo reads Spencer and Wyckoff, Detroit","The University of Tennessee Libraries (Knoxville, Tennessee) is the digital publisher.","Staff at their desks, 223rd Co. C.C.C., TVA P-10, Powell Station, Tennessee","For current rights information, please visit: http://idserver.utk.edu/?id=200600000001200",eng,Digital Collection:  The Growth of Democracy in Tennessee: A Grassroots Approach to Volunteer Voices, http://idserver.utk.edu/?id=200600000001199,"Haslbauer, Otto F.","Haslbauer, Otto F.",,,,,"Spencer and Wyckoff, Detroit, Michigan, "
0015_000062_000235_0000,1935,1935,,http://idserver.utk.edu/?id=200700000001417,Civilian Conservation Corps .S.) -- FACILITIES -- 1930-1950,,,Civilian Conservation Corps (U.S.) -- People -- 1930-1940,,,Woodworking,,,"Tennessee Valley Authority and ""grass roots democracy"" ",,,"Trade, Business, and Industry",,,Government and Politics,,,Education.,,image/jpeg,reformatted digital,1 digital image; 1 photograph; 7 x 5 in.,The Great Depression and World War II (1929-1945).,Tennessee -- Knox County.,,,,stillImage,black-and-white photographs ,,"This slightly-damaged photograph show the camp woodworking shop of the Civilian Conservation Corps' 223rd Company, TVA P-10, Powell Station, Tennessee. Three C.C.C. workers use woodworking equipment. A sign on the wall reads ""CCC teaches safety."" Otto F. Haslbauer donated this photograph.","The University of Tennessee Libraries (Knoxville, Tennessee) is the digital publisher.","Camp woodworking shop, 223rd Co. C.C.C., TVA P-10, Powell Station, Tennessee","For current rights information, please visit: http://idserver.utk.edu/?id=200600000001200",eng,Digital Collection:  The Growth of Democracy in Tennessee: A Grassroots Approach to Volunteer Voices, http://idserver.utk.edu/?id=200600000001199,"Haslbauer, Otto F.","Haslbauer, Otto F.",,,,,
0039_000052_000201_0000,1943-08-18,1943-08-18,,http://idserver.utk.edu/?id=200700000001418,"World War, 1939-1945",,,Jiu-jitsu,,,"Gracy, Dorothy",,,Middle Tennessee State College,,,Oak Ridge and WWII effort in Tennessee,,,Wars and Military,,,Women.,War bond rally,image/jpeg,reformatted digital,1 digital image; 5.5 x 3.5 in.,Murfreesboro (Tenn.),The Great Depression and World War II (1929-1945).,Tennessee -- Rutherford County.,,,stillImage,picture,,"Dorothy Gracy, daughter of a Middle Tennessee State College professor, flips Sopjes in a jiu-jitsu demonstration. During a homefront war bond rally on the Murfreesboro public square, the College Training Detachment hosted demonstrations and speeches for the entertainment of the assembled crowd.","The University of Tennessee Libraries (Knoxville, Tennessee) is the digital publisher.","Dorothy Gracy, daughter of one of the college professors, spills Sopjes in jiu-jitsu demonstration","For current rights information, please visit: http://idserver.utk.edu/?id=200600000001200",eng,Digital Collection:  The Growth of Democracy in Tennessee: A Grassroots Approach to Volunteer Voices, http://idserver.utk.edu/?id=200600000001199,,,,,,,
